model,param,subset_A,subset_B,pct_change
Merton,sigma,0.10265695801430193,0.10319018458182654,0.5194256461898282
Merton,lam,0.31871380969040797,0.31123677016709433,-2.3460042508282513
Merton,mu_j,-0.12089596343912824,-0.12379436979826955,-2.3974384890035383
Merton,sigma_j,0.12058934228183901,0.11986183025247168,-0.6032971202936002
Heston,kappa,2.99702298011959,0.14980043505808813,-95.00169214411193
Heston,theta,0.12048894437632245,1.9999999999999918,1559.9033300129206
Heston,xi,0.8498330837889121,0.7740812232792514,-8.913733997260628
Heston,rho,-0.764045851688667,-0.6780975141523468,11.249107281501535
Heston,v0,0.001,0.001,0.0
