ticker,expiry,option_type,strike,bid,ask,mid,lastPrice,volume,openInterest,impliedVolatility,days_to_expiry,T_years,log_moneyness,contractSymbol,spot,q,r_cc
AAPL,2026-09-04,call,220.0,84.45,88.3,86.375,85.8,1.0,19,0.6938507177734375,21,0.057534246575342465,-0.32972874732011115,AAPL260904C00220000,305.92999267578125,0.0034648449821112104,0.037969931251628626
AAPL,2026-09-04,call,235.0,69.5,73.35,71.425,67.3,27.0,27,0.5835002587890624,21,0.057534246575342465,-0.26377077952831357,AAPL260904C00235000,305.92999267578125,0.0034648449821112104,0.037969931251628626
AAPL,2026-09-04,call,240.0,64.9,68.4,66.65,67.85,2.0,19,0.5835002587890624,21,0.057534246575342465,-0.24271737033048135,AAPL260904C00240000,305.92999267578125,0.0034648449821112104,0.037969931251628626
AAPL,2026-09-04,call,245.0,59.55,63.4,61.474999999999994,61.93,2.0,44,0.5139208764648437,21,0.057534246575342465,-0.22209808312774565,AAPL260904C00245000,305.92999267578125,0.0034648449821112104,0.037969931251628626
AAPL,2026-09-04,call,250.0,54.6,58.45,56.525000000000006,52.95,90.0,203,0.6787141503906251,21,0.057534246575342465,-0.20189537581022615,AAPL260904C00250000,305.92999267578125,0.0034648449821112104,0.037969931251628626
AAPL,2026-09-04,call,255.0,49.8,53.45,51.625,52.95,4.0,200,0.6289099609375001,21,0.057534246575342465,-0.18209274851404653,AAPL260904C00255000,305.92999267578125,0.0034648449821112104,0.037969931251628626
AAPL,2026-09-04,call,260.0,44.65,48.5,46.575,45.04,1.0,20,0.5827678442382812,21,0.057534246575342465,-0.1626746626569449,AAPL260904C00260000,305.92999267578125,0.0034648449821112104,0.037969931251628626
AAPL,2026-09-04,call,265.0,40.55,43.55,42.05,39.6,4.0,34,0.5365036584472658,21,0.057534246575342465,-0.1436264676862504,AAPL260904C00265000,305.92999267578125,0.0034648449821112104,0.037969931251628626
AAPL,2026-09-04,call,270.0,34.95,38.65,36.8,36.77,5.0,42,0.4928029235839845,21,0.057534246575342465,-0.12493433467409783,AAPL260904C00270000,305.92999267578125,0.0034648449821112104,0.037969931251628626
AAPL,2026-09-04,call,275.0,30.9,32.85,31.875,31.94,1.0,49,0.39417109741210943,21,0.057534246575342465,-0.10658519600590138,AAPL260904C00275000,305.92999267578125,0.0034648449821112104,0.037969931251628626
AAPL,2026-09-04,call,280.0,25.95,28.0,26.975,28.0,1.0,95,0.35559726440429684,21,0.057534246575342465,-0.08856669050322304,AAPL260904C00280000,305.92999267578125,0.0034648449821112104,0.037969931251628626
AAPL,2026-09-04,call,285.0,21.55,23.0,22.275,22.27,6.0,201,0.3067085931396484,21,0.057534246575342465,-0.07086711340382208,AAPL260904C00285000,305.92999267578125,0.0034648449821112104,0.037969931251628626
AAPL,2026-09-04,call,290.0,17.55,19.0,18.275,17.53,3.0,56,0.303168589477539,21,0.057534246575342465,-0.053475370691952864,AAPL260904C00290000,305.92999267578125,0.0034648449821112104,0.037969931251628626
AAPL,2026-09-04,call,295.0,13.0,14.5,13.75,13.7,9.0,214,0.26697510375976563,21,0.057534246575342465,-0.03638093733265284,AAPL260904C00295000,305.92999267578125,0.0034648449821112104,0.037969931251628626
AAPL,2026-09-04,call,300.0,9.9,10.65,10.275,10.2,115.0,696,0.24622335815429688,21,0.057534246575342465,-0.01957381901627157,AAPL260904C00300000,305.92999267578125,0.0034648449821112104,0.037969931251628626
AAPL,2026-09-04,call,305.0,6.95,7.25,7.1,7.1,429.0,2301,0.2264481652832031,21,0.057534246575342465,-0.003044517065060977,AAPL260904C00305000,305.92999267578125,0.0034648449821112104,0.037969931251628626
AAPL,2026-09-04,call,310.0,4.65,4.85,4.75,4.6,360.0,1913,0.2217485052490234,21,0.057534246575342465,0.013216003806719358,AAPL260904C00310000,305.92999267578125,0.0034648449821112104,0.037969931251628626
AAPL,2026-09-04,call,315.0,2.91,3.15,3.0300000000000002,3.05,937.0,1909,0.2215654016113281,21,0.057534246575342465,0.02921634515316052,AAPL260904C00315000,305.92999267578125,0.0034648449821112104,0.037969931251628626
AAPL,2026-09-04,call,320.0,1.78,1.93,1.855,1.88,1839.0,6431,0.2205888488769531,21,0.057534246575342465,0.0449647021212995,AAPL260904C00320000,305.92999267578125,0.0034648449821112104,0.037969931251628626
AAPL,2026-09-04,call,325.0,1.04,1.21,1.125,1.12,860.0,1606,0.22510540527343748,21,0.057534246575342465,0.06046888865726478,AAPL260904C00325000,305.92999267578125,0.0034648449821112104,0.037969931251628626
AAPL,2026-09-04,call,330.0,0.67,0.73,0.7,0.68,808.0,6420,0.22852333984375,21,0.057534246575342465,0.07573636078805325,AAPL260904C00330000,305.92999267578125,0.0034648449821112104,0.037969931251628626
AAPL,2026-09-04,call,335.0,0.4,0.45,0.42500000000000004,0.43,396.0,1667,0.23413851806640623,21,0.057534246575342465,0.09077423815259379,AAPL260904C00335000,305.92999267578125,0.0034648449821112104,0.037969931251628626
AAPL,2026-09-04,call,340.0,0.25,0.28,0.265,0.27,864.0,2007,0.24048611083984373,21,0.057534246575342465,0.10558932393773446,AAPL260904C00340000,305.92999267578125,0.0034648449821112104,0.037969931251628626
AAPL,2026-09-04,call,345.0,0.14,0.21,0.175,0.2,28.0,719,0.25440198730468755,21,0.057534246575342465,0.12018812335888716,AAPL260904C00345000,305.92999267578125,0.0034648449821112104,0.037969931251628626
AAPL,2026-09-04,call,350.0,0.11,0.13,0.12,0.12,281.0,2023,0.25928475097656256,21,0.057534246575342465,0.1345768608109868,AAPL260904C00350000,305.92999267578125,0.0034648449821112104,0.037969931251628626
AAPL,2026-09-04,call,355.0,0.07,0.18,0.125,0.1,10.0,508,0.2963937548828125,21,0.057534246575342465,0.14876149580294326,AAPL260904C00355000,305.92999267578125,0.0034648449821112104,0.037969931251628626
AAPL,2026-09-04,call,360.0,0.06,0.1,0.08,0.07,13.0,1866,0.29395237304687494,21,0.057534246575342465,0.16274773777768298,AAPL260904C00360000,305.92999267578125,0.0034648449821112104,0.037969931251628626
AAPL,2026-09-04,call,365.0,0.01,0.12,0.065,0.01,2.0,235,0.3232489550781249,21,0.057534246575342465,0.1765410599100188,AAPL260904C00365000,305.92999267578125,0.0034648449821112104,0.037969931251628626
AAPL,2026-09-04,call,370.0,0.01,0.23,0.12000000000000001,0.05,3.0,573,0.37744763183593744,21,0.057534246575342465,0.19014671196579747,AAPL260904C00370000,305.92999267578125,0.0034648449821112104,0.037969931251628626
AAPL,2026-09-04,call,380.0,0.01,0.07,0.04,0.05,3.0,131,0.36035795898437495,21,0.057534246575342465,0.21681495904795886,AAPL260904C00380000,305.92999267578125,0.0034648449821112104,0.037969931251628626
AAPL,2026-09-04,put,220.0,0.01,0.07,0.04,0.03,1.0,95,0.507817421875,21,0.057534246575342465,-0.32972874732011115,AAPL260904P00220000,305.92999267578125,0.0034648449821112104,0.037969931251628626
AAPL,2026-09-04,put,225.0,0.01,0.21,0.11,0.04,1.0,19,0.53320779296875,21,0.057534246575342465,-0.3072558914680525,AAPL260904P00225000,305.92999267578125,0.0034648449821112104,0.037969931251628626
AAPL,2026-09-04,put,230.0,0.01,0.14,0.07500000000000001,0.04,50.0,40,0.51562984375,21,0.057534246575342465,-0.2852769847492772,AAPL260904P00230000,305.92999267578125,0.0034648449821112104,0.037969931251628626
AAPL,2026-09-04,put,235.0,0.01,0.22,0.115,0.14,2.0,18,0.5127001855468749,21,0.057534246575342465,-0.26377077952831357,AAPL260904P00235000,305.92999267578125,0.0034648449821112104,0.037969931251628626
AAPL,2026-09-04,put,240.0,0.01,0.1,0.055,0.07,1.0,152,0.42774009765625004,21,0.057534246575342465,-0.24271737033048135,AAPL260904P00240000,305.92999267578125,0.0034648449821112104,0.037969931251628626
AAPL,2026-09-04,put,245.0,0.04,0.25,0.145,0.07,4.0,59,0.450200810546875,21,0.057534246575342465,-0.22209808312774565,AAPL260904P00245000,305.92999267578125,0.0034648449821112104,0.037969931251628626
AAPL,2026-09-04,put,250.0,0.04,0.1,0.07,0.08,9.0,124,0.3632876171875,21,0.057534246575342465,-0.20189537581022615,AAPL260904P00250000,305.92999267578125,0.0034648449821112104,0.037969931251628626
AAPL,2026-09-04,put,255.0,0.06,0.15,0.105,0.13,17.0,150,0.35108070800781244,21,0.057534246575342465,-0.18209274851404653,AAPL260904P00255000,305.92999267578125,0.0034648449821112104,0.037969931251628626
AAPL,2026-09-04,put,260.0,0.08,0.24,0.16,0.15,111.0,154,0.34278000976562495,21,0.057534246575342465,-0.1626746626569449,AAPL260904P00260000,305.92999267578125,0.0034648449821112104,0.037969931251628626
AAPL,2026-09-04,put,265.0,0.12,0.27,0.195,0.2,25.0,278,0.3147041186523437,21,0.057534246575342465,-0.1436264676862504,AAPL260904P00265000,305.92999267578125,0.0034648449821112104,0.037969931251628626
AAPL,2026-09-04,put,270.0,0.25,0.34,0.29500000000000004,0.28,19.0,594,0.2919992675781249,21,0.057534246575342465,-0.12493433467409783,AAPL260904P00270000,305.92999267578125,0.0034648449821112104,0.037969931251628626
AAPL,2026-09-04,put,275.0,0.36,0.43,0.395,0.36,80.0,715,0.2690502783203125,21,0.057534246575342465,-0.10658519600590138,AAPL260904P00275000,305.92999267578125,0.0034648449821112104,0.037969931251628626
AAPL,2026-09-04,put,280.0,0.51,0.57,0.54,0.54,72.0,1018,0.247077841796875,21,0.057534246575342465,-0.08856669050322304,AAPL260904P00280000,305.92999267578125,0.0034648449821112104,0.037969931251628626
AAPL,2026-09-04,put,285.0,0.8,0.89,0.845,0.83,99.0,1424,0.23413851806640623,21,0.057534246575342465,-0.07086711340382208,AAPL260904P00285000,305.92999267578125,0.0034648449821112104,0.037969931251628626
AAPL,2026-09-04,put,290.0,1.3,1.43,1.365,1.4,142.0,1133,0.22364057617187497,21,0.057534246575342465,-0.053475370691952864,AAPL260904P00290000,305.92999267578125,0.0034648449821112104,0.037969931251628626
AAPL,2026-09-04,put,295.0,2.1,2.3,2.2,2.22,286.0,719,0.21472953247070312,21,0.057534246575342465,-0.03638093733265284,AAPL260904P00295000,305.92999267578125,0.0034648449821112104,0.037969931251628626
AAPL,2026-09-04,put,300.0,3.45,3.7,3.575,3.6,475.0,2189,0.20966366516113277,21,0.057534246575342465,-0.01957381901627157,AAPL260904P00300000,305.92999267578125,0.0034648449821112104,0.037969931251628626
AAPL,2026-09-04,put,305.0,5.35,5.75,5.55,5.61,96.0,631,0.2074053869628906,21,0.057534246575342465,-0.003044517065060977,AAPL260904P00305000,305.92999267578125,0.0034648449821112104,0.037969931251628626
AAPL,2026-09-04,put,310.0,8.0,8.55,8.275,8.22,34.0,853,0.20917538879394526,21,0.057534246575342465,0.013216003806719358,AAPL260904P00310000,305.92999267578125,0.0034648449821112104,0.037969931251628626
AAPL,2026-09-04,put,315.0,10.65,12.45,11.55,11.91,69.0,501,0.2302933416748047,21,0.057534246575342465,0.02921634515316052,AAPL260904P00315000,305.92999267578125,0.0034648449821112104,0.037969931251628626
AAPL,2026-09-04,put,320.0,14.9,15.8,15.350000000000001,15.7,3.0,565,0.21131159790039059,21,0.057534246575342465,0.0449647021212995,AAPL260904P00320000,305.92999267578125,0.0034648449821112104,0.037969931251628626
AAPL,2026-09-04,put,325.0,18.5,20.5,19.5,19.93,1.0,105,0.23780059082031246,21,0.057534246575342465,0.06046888865726478,AAPL260904P00325000,305.92999267578125,0.0034648449821112104,0.037969931251628626
AAPL,2026-09-04,put,330.0,23.15,25.4,24.275,24.5,14.0,190,0.27027096923828126,21,0.057534246575342465,0.07573636078805325,AAPL260904P00330000,305.92999267578125,0.0034648449821112104,0.037969931251628626
AAPL,2026-09-04,put,335.0,28.05,30.4,29.225,31.53,20.0,196,0.3064034204101562,21,0.057534246575342465,0.09077423815259379,AAPL260904P00335000,305.92999267578125,0.0034648449821112104,0.037969931251628626
AAPL,2026-09-04,put,340.0,32.4,36.05,34.224999999999994,33.45,37.0,20,0.38269660278320305,21,0.057534246575342465,0.10558932393773446,AAPL260904P00340000,305.92999267578125,0.0034648449821112104,0.037969931251628626
AAPL,2026-09-25,call,255.0,50.65,54.35,52.5,48.85,81.0,41,0.4942677526855469,42,0.11506849315068493,-0.18209274851404653,AAPL260925C00255000,305.92999267578125,0.0034648449821112104,0.037969931251628626
AAPL,2026-09-25,call,275.0,31.9,34.55,33.224999999999994,32.06,3.0,11,0.35144691528320304,42,0.11506849315068493,-0.10658519600590138,AAPL260925C00275000,305.92999267578125,0.0034648449821112104,0.037969931251628626
AAPL,2026-09-25,call,280.0,27.65,30.1,28.875,26.37,3.0,17,0.33197689514160156,42,0.11506849315068493,-0.08856669050322304,AAPL260925C00280000,305.92999267578125,0.0034648449821112104,0.037969931251628626
AAPL,2026-09-25,call,285.0,23.65,25.75,24.7,22.22,5.0,43,0.3120796331787109,42,0.11506849315068493,-0.07086711340382208,AAPL260925C00285000,305.92999267578125,0.0034648449821112104,0.037969931251628626
AAPL,2026-09-25,call,290.0,19.4,21.6,20.5,20.76,12.0,25,0.29395237304687494,42,0.11506849315068493,-0.053475370691952864,AAPL260925C00290000,305.92999267578125,0.0034648449821112104,0.037969931251628626
AAPL,2026-09-25,call,295.0,16.25,17.15,16.7,16.67,5.0,25,0.2630078582763672,42,0.11506849315068493,-0.03638093733265284,AAPL260925C00295000,305.92999267578125,0.0034648449821112104,0.037969931251628626
AAPL,2026-09-25,call,300.0,13.25,14.2,13.725,13.35,113.0,247,0.26474734283447265,42,0.11506849315068493,-0.01957381901627157,AAPL260925C00300000,305.92999267578125,0.0034648449821112104,0.037969931251628626
AAPL,2026-09-25,call,305.0,10.4,10.85,10.625,10.63,90.0,233,0.24817646362304688,42,0.11506849315068493,-0.003044517065060977,AAPL260925C00305000,305.92999267578125,0.0034648449821112104,0.037969931251628626
AAPL,2026-09-25,call,310.0,7.9,8.3,8.100000000000001,8.15,116.0,388,0.2420730090332031,42,0.11506849315068493,0.013216003806719358,AAPL260925C00310000,305.92999267578125,0.0034648449821112104,0.037969931251628626
AAPL,2026-09-25,call,315.0,5.85,6.2,6.025,6.05,104.0,312,0.23749541809082028,42,0.11506849315068493,0.02921634515316052,AAPL260925C00315000,305.92999267578125,0.0034648449821112104,0.037969931251628626
AAPL,2026-09-25,call,320.0,4.35,4.55,4.449999999999999,4.35,217.0,368,0.23477938079833982,42,0.11506849315068493,0.0449647021212995,AAPL260925C00320000,305.92999267578125,0.0034648449821112104,0.037969931251628626
AAPL,2026-09-25,call,325.0,3.1,3.35,3.225,3.3,212.0,420,0.2354202435302734,42,0.11506849315068493,0.06046888865726478,AAPL260925C00325000,305.92999267578125,0.0034648449821112104,0.037969931251628626
AAPL,2026-09-25,call,330.0,2.26,2.35,2.3049999999999997,2.3,68.0,607,0.233406103515625,42,0.11506849315068493,0.07573636078805325,AAPL260925C00330000,305.92999267578125,0.0034648449821112104,0.037969931251628626
AAPL,2026-09-25,call,335.0,1.58,1.75,1.665,1.66,507.0,468,0.23780059082031246,42,0.11506849315068493,0.09077423815259379,AAPL260925C00335000,305.92999267578125,0.0034648449821112104,0.037969931251628626
AAPL,2026-09-25,call,340.0,1.16,1.32,1.24,1.05,67.0,589,0.24323266540527344,42,0.11506849315068493,0.10558932393773446,AAPL260925C00340000,305.92999267578125,0.0034648449821112104,0.037969931251628626
AAPL,2026-09-25,call,345.0,0.82,1.0,0.9099999999999999,0.9,10.0,154,0.24878680908203127,42,0.11506849315068493,0.12018812335888716,AAPL260925C00345000,305.92999267578125,0.0034648449821112104,0.037969931251628626
AAPL,2026-09-25,call,350.0,0.6,0.72,0.6599999999999999,0.66,268.0,179,0.25135026000976557,42,0.11506849315068493,0.1345768608109868,AAPL260925C00350000,305.92999267578125,0.0034648449821112104,0.037969931251628626
AAPL,2026-09-25,call,355.0,0.34,0.61,0.475,0.48,6.0,85,0.2624585473632813,42,0.11506849315068493,0.14876149580294326,AAPL260925C00355000,305.92999267578125,0.0034648449821112104,0.037969931251628626
AAPL,2026-09-25,call,365.0,0.2,0.4,0.30000000000000004,0.29,1.0,97,0.2778392529296875,42,0.11506849315068493,0.1765410599100188,AAPL260925C00365000,305.92999267578125,0.0034648449821112104,0.037969931251628626
AAPL,2026-09-25,call,370.0,0.1,0.33,0.21500000000000002,0.21,3.0,16,0.2858958129882812,42,0.11506849315068493,0.19014671196579747,AAPL260925C00370000,305.92999267578125,0.0034648449821112104,0.037969931251628626
AAPL,2026-09-25,call,375.0,0.15,0.2,0.175,0.17,8.0,55,0.2797923583984374,42,0.11506849315068493,0.20356973229793818,AAPL260925C00375000,305.92999267578125,0.0034648449821112104,0.037969931251628626
AAPL,2026-09-25,put,240.0,0.08,0.32,0.2,0.21,3.0,17,0.36133451171875,42,0.11506849315068493,-0.24271737033048135,AAPL260925P00240000,305.92999267578125,0.0034648449821112104,0.037969931251628626
AAPL,2026-09-25,put,250.0,0.2,0.39,0.29500000000000004,0.4,2.0,157,0.31958688232421867,42,0.11506849315068493,-0.20189537581022615,AAPL260925P00250000,305.92999267578125,0.0034648449821112104,0.037969931251628626
AAPL,2026-09-25,put,260.0,0.44,0.5,0.47,0.51,5.0,65,0.2795482202148437,42,0.11506849315068493,-0.1626746626569449,AAPL260925P00260000,305.92999267578125,0.0034648449821112104,0.037969931251628626
AAPL,2026-09-25,put,265.0,0.52,0.8,0.66,0.7,6.0,109,0.2790599438476562,42,0.11506849315068493,-0.1436264676862504,AAPL260925P00265000,305.92999267578125,0.0034648449821112104,0.037969931251628626
AAPL,2026-09-25,put,270.0,0.72,0.97,0.845,0.84,43.0,202,0.2620923400878906,42,0.11506849315068493,-0.12493433467409783,AAPL260925P00270000,305.92999267578125,0.0034648449821112104,0.037969931251628626
AAPL,2026-09-25,put,275.0,1.05,1.32,1.185,1.19,35.0,315,0.25220474365234374,42,0.11506849315068493,-0.10658519600590138,AAPL260925P00275000,305.92999267578125,0.0034648449821112104,0.037969931251628626
AAPL,2026-09-25,put,280.0,1.48,1.79,1.635,1.7,165.0,772,0.24243921630859372,42,0.11506849315068493,-0.08856669050322304,AAPL260925P00280000,305.92999267578125,0.0034648449821112104,0.037969931251628626
AAPL,2026-09-25,put,285.0,2.2,2.5,2.35,2.38,54.0,453,0.2355423126220703,42,0.11506849315068493,-0.07086711340382208,AAPL260925P00285000,305.92999267578125,0.0034648449821112104,0.037969931251628626
AAPL,2026-09-25,put,290.0,3.0,3.35,3.175,3.5,135.0,381,0.22571575073242187,42,0.11506849315068493,-0.053475370691952864,AAPL260925P00290000,305.92999267578125,0.0034648449821112104,0.037969931251628626
AAPL,2026-09-25,put,295.0,4.3,4.75,4.525,4.55,121.0,289,0.22376264526367184,42,0.11506849315068493,-0.03638093733265284,AAPL260925P00295000,305.92999267578125,0.0034648449821112104,0.037969931251628626
AAPL,2026-09-25,put,300.0,6.1,6.55,6.324999999999999,6.3,63.0,327,0.22217574707031246,42,0.11506849315068493,-0.01957381901627157,AAPL260925P00300000,305.92999267578125,0.0034648449821112104,0.037969931251628626
AAPL,2026-09-25,put,305.0,8.2,8.55,8.375,8.33,54.0,242,0.21546194702148438,42,0.11506849315068493,-0.003044517065060977,AAPL260925P00305000,305.92999267578125,0.0034648449821112104,0.037969931251628626
AAPL,2026-09-25,put,310.0,10.65,11.2,10.925,11.1,51.0,145,0.21399711791992188,42,0.11506849315068493,0.013216003806719358,AAPL260925P00310000,305.92999267578125,0.0034648449821112104,0.037969931251628626
AAPL,2026-09-25,put,315.0,12.8,15.05,13.925,17.2,2.0,23,0.23203282623291016,42,0.11506849315068493,0.02921634515316052,AAPL260925P00315000,305.92999267578125,0.0034648449821112104,0.037969931251628626
AAPL,2026-09-25,put,320.0,16.05,18.55,17.3,17.65,1.0,28,0.23297886169433596,42,0.11506849315068493,0.0449647021212995,AAPL260925P00320000,305.92999267578125,0.0034648449821112104,0.037969931251628626
AAPL,2026-09-25,put,325.0,20.1,22.35,21.225,22.7,18.0,80,0.23334506896972657,42,0.11506849315068493,0.06046888865726478,AAPL260925P00325000,305.92999267578125,0.0034648449821112104,0.037969931251628626
AAPL,2026-09-25,put,330.0,24.05,26.65,25.35,25.85,1.0,15,0.2417068017578125,42,0.11506849315068493,0.07573636078805325,AAPL260925P00330000,305.92999267578125,0.0034648449821112104,0.037969931251628626
AAPL,2026-12-18,call,210.0,97.45,101.25,99.35,97.0,2.0,5606,0.5614667877197266,126,0.3452054794520548,-0.3762487629550039,AAPL261218C00210000,305.92999267578125,0.0034648449821112104,0.037969931251628626
AAPL,2026-12-18,call,215.0,92.65,96.15,94.4,91.43,8.0,821,0.5316819293212891,126,0.3452054794520548,-0.3527182655448098,AAPL261218C00215000,305.92999267578125,0.0034648449821112104,0.037969931251628626
AAPL,2026-12-18,call,220.0,87.95,91.6,89.775,87.5,3.0,3098,0.5191698474121094,126,0.3452054794520548,-0.32972874732011115,AAPL261218C00220000,305.92999267578125,0.0034648449821112104,0.037969931251628626
AAPL,2026-12-18,call,225.0,83.1,86.8,84.94999999999999,84.7,30.0,305,0.49872327453613285,126,0.3452054794520548,-0.3072558914680525,AAPL261218C00225000,305.92999267578125,0.0034648449821112104,0.037969931251628626
AAPL,2026-12-18,call,230.0,78.8,81.9,80.35,77.92,1.0,4839,0.4755301470947265,126,0.3452054794520548,-0.2852769847492772,AAPL261218C00230000,305.92999267578125,0.0034648449821112104,0.037969931251628626
AAPL,2026-12-18,call,235.0,74.4,77.1,75.75,75.49,25.0,564,0.45508357421875,126,0.3452054794520548,-0.26377077952831357,AAPL261218C00235000,305.92999267578125,0.0034648449821112104,0.037969931251628626
AAPL,2026-12-18,call,240.0,69.75,72.35,71.05,68.7,8.0,5336,0.43579665771484377,126,0.3452054794520548,-0.24271737033048135,AAPL261218C00240000,305.92999267578125,0.0034648449821112104,0.037969931251628626
AAPL,2026-12-18,call,245.0,65.15,67.7,66.42500000000001,67.0,2.0,388,0.4185849157714844,126,0.3452054794520548,-0.22209808312774565,AAPL261218C00245000,305.92999267578125,0.0034648449821112104,0.037969931251628626
AAPL,2026-12-18,call,250.0,60.8,63.1,61.95,61.85,104.0,15126,0.40201403656005863,126,0.3452054794520548,-0.20189537581022615,AAPL261218C00250000,305.92999267578125,0.0034648449821112104,0.037969931251628626
AAPL,2026-12-18,call,255.0,56.2,58.4,57.3,54.24,1.0,4677,0.38269660278320305,126,0.3452054794520548,-0.18209274851404653,AAPL261218C00255000,305.92999267578125,0.0034648449821112104,0.037969931251628626
AAPL,2026-12-18,call,260.0,51.85,54.65,53.25,52.49,4.0,7097,0.38196418823242184,126,0.3452054794520548,-0.1626746626569449,AAPL261218C00260000,305.92999267578125,0.0034648449821112104,0.037969931251628626
AAPL,2026-12-18,call,265.0,47.65,50.4,49.025,45.83,48.0,2187,0.36939107177734376,126,0.3452054794520548,-0.1436264676862504,AAPL261218C00265000,305.92999267578125,0.0034648449821112104,0.037969931251628626
AAPL,2026-12-18,call,270.0,43.55,46.2,44.875,44.07,5.0,7250,0.35654329986572264,126,0.3452054794520548,-0.12493433467409783,AAPL261218C00270000,305.92999267578125,0.0034648449821112104,0.037969931251628626
AAPL,2026-12-18,call,275.0,39.55,41.65,40.599999999999994,40.08,3.0,2211,0.3364324169921875,126,0.3452054794520548,-0.10658519600590138,AAPL261218C00275000,305.92999267578125,0.0034648449821112104,0.037969931251628626
AAPL,2026-12-18,call,280.0,35.8,38.05,36.925,36.58,1.0,6994,0.33100034240722653,126,0.3452054794520548,-0.08856669050322304,AAPL261218C00280000,305.92999267578125,0.0034648449821112104,0.037969931251628626
AAPL,2026-12-18,call,285.0,32.15,34.3,33.224999999999994,33.24,1.0,2145,0.3210822286987304,126,0.3452054794520548,-0.07086711340382208,AAPL261218C00285000,305.92999267578125,0.0034648449821112104,0.037969931251628626
AAPL,2026-12-18,call,290.0,29.1,31.3,30.200000000000003,30.23,15.0,14457,0.3205024005126953,126,0.3452054794520548,-0.053475370691952864,AAPL261218C00290000,305.92999267578125,0.0034648449821112104,0.037969931251628626
AAPL,2026-12-18,call,295.0,26.0,27.55,26.775,26.8,89.0,3437,0.30652548950195313,126,0.3452054794520548,-0.03638093733265284,AAPL261218C00295000,305.92999267578125,0.0034648449821112104,0.037969931251628626
AAPL,2026-12-18,call,300.0,23.25,23.9,23.575,23.61,303.0,24374,0.29206030212402334,126,0.3452054794520548,-0.01957381901627157,AAPL261218C00300000,305.92999267578125,0.0034648449821112104,0.037969931251628626
AAPL,2026-12-18,call,305.0,20.45,21.2,20.825,20.7,83.0,4717,0.2886728848266601,126,0.3452054794520548,-0.003044517065060977,AAPL261218C00305000,305.92999267578125,0.0034648449821112104,0.037969931251628626
AAPL,2026-12-18,call,310.0,18.15,18.55,18.35,18.26,105.0,6780,0.2834239138793945,126,0.3452054794520548,0.013216003806719358,AAPL261218C00310000,305.92999267578125,0.0034648449821112104,0.037969931251628626
AAPL,2026-12-18,call,315.0,15.85,16.1,15.975000000000001,15.85,79.0,3907,0.2783122706604004,126,0.3452054794520548,0.02921634515316052,AAPL261218C00315000,305.92999267578125,0.0034648449821112104,0.037969931251628626
AAPL,2026-12-18,call,320.0,13.7,14.0,13.85,13.85,123.0,8601,0.27542838836669914,126,0.3452054794520548,0.0449647021212995,AAPL261218C00320000,305.92999267578125,0.0034648449821112104,0.037969931251628626
AAPL,2026-12-18,call,325.0,11.85,12.1,11.975,11.95,19.0,5676,0.2727123510742187,126,0.3452054794520548,0.06046888865726478,AAPL261218C00325000,305.92999267578125,0.0034648449821112104,0.037969931251628626
AAPL,2026-12-18,call,330.0,10.15,10.45,10.3,10.35,81.0,17185,0.2710033837890625,126,0.3452054794520548,0.07573636078805325,AAPL261218C00330000,305.92999267578125,0.0034648449821112104,0.037969931251628626
AAPL,2026-12-18,call,335.0,8.65,8.95,8.8,8.84,178.0,6434,0.2689587265014648,126,0.3452054794520548,0.09077423815259379,AAPL261218C00335000,305.92999267578125,0.0034648449821112104,0.037969931251628626
AAPL,2026-12-18,call,340.0,7.4,7.6,7.5,7.45,236.0,7408,0.2667004483032227,126,0.3452054794520548,0.10558932393773446,AAPL261218C00340000,305.92999267578125,0.0034648449821112104,0.037969931251628626
AAPL,2026-12-18,call,345.0,6.3,6.45,6.375,6.34,102.0,5761,0.26520510192871094,126,0.3452054794520548,0.12018812335888716,AAPL261218C00345000,305.92999267578125,0.0034648449821112104,0.037969931251628626
AAPL,2026-12-18,call,350.0,5.35,5.5,5.425,5.45,166.0,19999,0.26486941192626956,126,0.3452054794520548,0.1345768608109868,AAPL261218C00350000,305.92999267578125,0.0034648449821112104,0.037969931251628626
AAPL,2026-12-18,call,360.0,3.75,3.9,3.825,3.86,252.0,11113,0.26306889282226564,126,0.3452054794520548,0.16274773777768298,AAPL261218C00360000,305.92999267578125,0.0034648449821112104,0.037969931251628626
AAPL,2026-12-18,call,370.0,2.69,2.8,2.745,2.76,507.0,6164,0.2637402728271484,126,0.3452054794520548,0.19014671196579747,AAPL261218C00370000,305.92999267578125,0.0034648449821112104,0.037969931251628626
AAPL,2026-12-18,call,380.0,1.92,2.01,1.9649999999999999,2.0,152.0,5265,0.26508303283691403,126,0.3452054794520548,0.21681495904795886,AAPL261218C00380000,305.92999267578125,0.0034648449821112104,0.037969931251628626
AAPL,2026-12-18,call,390.0,1.36,1.45,1.405,1.39,32.0,1898,0.26709717285156254,126,0.3452054794520548,0.24279044545121956,AAPL261218C00390000,305.92999267578125,0.0034648449821112104,0.037969931251628626
AAPL,2026-12-18,call,400.0,0.99,1.03,1.01,1.04,174.0,10817,0.26856200195312496,126,0.3452054794520548,0.2681082534355093,AAPL261218C00400000,305.92999267578125,0.0034648449821112104,0.037969931251628626
AAPL,2026-12-18,call,410.0,0.66,0.81,0.7350000000000001,0.67,2.0,1099,0.2751537329101562,126,0.3452054794520548,0.29280086602588085,AAPL261218C00410000,305.92999267578125,0.0034648449821112104,0.037969931251628626
AAPL,2026-12-18,call,420.0,0.5,0.59,0.5449999999999999,0.53,4.0,4073,0.2775951147460937,126,0.3452054794520548,0.3168984176049414,AAPL261218C00420000,305.92999267578125,0.0034648449821112104,0.037969931251628626
AAPL,2026-12-18,call,430.0,0.34,0.45,0.395,0.4,69.0,3711,0.2819896020507812,126,0.3452054794520548,0.34042891501513556,AAPL261218C00430000,305.92999267578125,0.0034648449821112104,0.037969931251628626
AAPL,2026-12-18,call,440.0,0.23,0.36,0.295,0.3,8.0,324,0.28784891845703114,126,0.3452054794520548,0.3634184332398342,AAPL261218C00440000,305.92999267578125,0.0034648449821112104,0.037969931251628626
AAPL,2026-12-18,call,450.0,0.18,0.26,0.22,0.23,22.0,6648,0.28955788574218744,126,0.3452054794520548,0.3858912890918928,AAPL261218C00450000,305.92999267578125,0.0034648449821112104,0.037969931251628626
AAPL,2026-12-18,put,210.0,0.49,0.61,0.55,0.56,2.0,3876,0.3414372497558594,126,0.3452054794520548,-0.3762487629550039,AAPL261218P00210000,305.92999267578125,0.0034648449821112104,0.037969931251628626
AAPL,2026-12-18,put,215.0,0.59,0.69,0.6399999999999999,0.65,6.0,1417,0.33008482421874996,126,0.3452054794520548,-0.3527182655448098,AAPL261218P00215000,305.92999267578125,0.0034648449821112104,0.037969931251628626
AAPL,2026-12-18,put,220.0,0.73,0.85,0.79,0.81,1.0,7654,0.324103438720703,126,0.3452054794520548,-0.32972874732011115,AAPL261218P00220000,305.92999267578125,0.0034648449821112104,0.037969931251628626
AAPL,2026-12-18,put,225.0,0.89,1.01,0.95,0.96,2.0,3807,0.31604687866210934,126,0.3452054794520548,-0.3072558914680525,AAPL261218P00225000,305.92999267578125,0.0034648449821112104,0.037969931251628626
AAPL,2026-12-18,put,230.0,1.08,1.19,1.135,1.14,5.0,9746,0.30762411132812495,126,0.3452054794520548,-0.2852769847492772,AAPL261218P00230000,305.92999267578125,0.0034648449821112104,0.037969931251628626
AAPL,2026-12-18,put,235.0,1.31,1.44,1.375,1.42,20.0,2633,0.3011544494628906,126,0.3452054794520548,-0.26377077952831357,AAPL261218P00235000,305.92999267578125,0.0034648449821112104,0.037969931251628626
AAPL,2026-12-18,put,240.0,1.62,1.73,1.675,1.62,56.0,10722,0.29444064941406245,126,0.3452054794520548,-0.24271737033048135,AAPL261218P00240000,305.92999267578125,0.0034648449821112104,0.037969931251628626
AAPL,2026-12-18,put,245.0,1.95,2.07,2.01,2.04,6.0,3533,0.2877268493652343,126,0.3452054794520548,-0.22209808312774565,AAPL261218P00245000,305.92999267578125,0.0034648449821112104,0.037969931251628626
AAPL,2026-12-18,put,250.0,2.4,2.47,2.435,2.45,162.0,27341,0.2809520147705078,126,0.3452054794520548,-0.20189537581022615,AAPL261218P00250000,305.92999267578125,0.0034648449821112104,0.037969931251628626
AAPL,2026-12-18,put,255.0,2.83,2.99,2.91,2.9,19.0,6000,0.2757030438232422,126,0.3452054794520548,-0.18209274851404653,AAPL261218P00255000,305.92999267578125,0.0034648449821112104,0.037969931251628626
AAPL,2026-12-18,put,260.0,3.45,3.6,3.5250000000000004,3.52,124.0,12409,0.27042355560302733,126,0.3452054794520548,-0.1626746626569449,AAPL261218P00260000,305.92999267578125,0.0034648449821112104,0.037969931251628626
AAPL,2026-12-18,put,265.0,4.1,4.3,4.199999999999999,4.18,8.0,3086,0.26483889465332033,126,0.3452054794520548,-0.1436264676862504,AAPL261218P00265000,305.92999267578125,0.0034648449821112104,0.037969931251628626
AAPL,2026-12-18,put,270.0,4.95,5.15,5.050000000000001,5.1,77.0,6428,0.2599561309814453,126,0.3452054794520548,-0.12493433467409783,AAPL261218P00270000,305.92999267578125,0.0034648449821112104,0.037969931251628626
AAPL,2026-12-18,put,275.0,5.9,6.15,6.025,6.02,62.0,5248,0.25534802276611335,126,0.3452054794520548,-0.10658519600590138,AAPL261218P00275000,305.92999267578125,0.0034648449821112104,0.037969931251628626
AAPL,2026-12-18,put,280.0,7.05,7.3,7.175,7.15,35.0,18470,0.25070939727783204,126,0.3452054794520548,-0.08856669050322304,AAPL261218P00280000,305.92999267578125,0.0034648449821112104,0.037969931251628626
AAPL,2026-12-18,put,285.0,8.4,8.65,8.525,8.4,47.0,2591,0.2465590481567383,126,0.3452054794520548,-0.07086711340382208,AAPL261218P00285000,305.92999267578125,0.0034648449821112104,0.037969931251628626
AAPL,2026-12-18,put,290.0,9.9,10.2,10.05,10.15,14.0,6127,0.24262231994628902,126,0.3452054794520548,-0.053475370691952864,AAPL261218P00290000,305.92999267578125,0.0034648449821112104,0.037969931251628626
AAPL,2026-12-18,put,295.0,11.65,11.95,11.8,11.77,30.0,3801,0.2386550744628906,126,0.3452054794520548,-0.03638093733265284,AAPL261218P00295000,305.92999267578125,0.0034648449821112104,0.037969931251628626
AAPL,2026-12-18,put,300.0,13.6,13.9,13.75,13.75,118.0,14239,0.23447420806884767,126,0.3452054794520548,-0.01957381901627157,AAPL261218P00300000,305.92999267578125,0.0034648449821112104,0.037969931251628626
AAPL,2026-12-18,put,305.0,15.7,16.1,15.9,16.1,168.0,3444,0.23062903167724608,126,0.3452054794520548,-0.003044517065060977,AAPL261218P00305000,305.92999267578125,0.0034648449821112104,0.037969931251628626
AAPL,2026-12-18,put,310.0,18.15,18.55,18.35,18.45,54.0,3048,0.22702799346923824,126,0.3452054794520548,0.013216003806719358,AAPL261218P00310000,305.92999267578125,0.0034648449821112104,0.037969931251628626
AAPL,2026-12-18,put,315.0,20.85,21.25,21.05,21.1,25.0,1679,0.22357954162597654,126,0.3452054794520548,0.02921634515316052,AAPL261218P00315000,305.92999267578125,0.0034648449821112104,0.037969931251628626
AAPL,2026-12-18,put,320.0,23.4,24.5,23.95,24.0,3.0,812,0.22461712890624996,126,0.3452054794520548,0.0449647021212995,AAPL261218P00320000,305.92999267578125,0.0034648449821112104,0.037969931251628626
AAPL,2026-12-18,put,325.0,26.35,27.9,27.125,27.5,80.0,2033,0.22473919799804684,126,0.3452054794520548,0.06046888865726478,AAPL261218P00325000,305.92999267578125,0.0034648449821112104,0.037969931251628626
AAPL,2026-12-18,put,330.0,29.9,31.65,30.775,30.5,9.0,572,0.22718057983398435,126,0.3452054794520548,0.07573636078805325,AAPL261218P00330000,305.92999267578125,0.0034648449821112104,0.037969931251628626
AAPL,2026-12-18,put,335.0,33.35,35.3,34.325,36.1,28.0,434,0.22516643981933593,126,0.3452054794520548,0.09077423815259379,AAPL261218P00335000,305.92999267578125,0.0034648449821112104,0.037969931251628626
AAPL,2026-12-18,put,340.0,36.5,39.1,37.8,37.5,3.0,481,0.22248091979980467,126,0.3452054794520548,0.10558932393773446,AAPL261218P00340000,305.92999267578125,0.0034648449821112104,0.037969931251628626
AAPL,2026-12-18,put,345.0,41.0,43.1,42.05,43.95,20.0,263,0.22022264160156246,126,0.3452054794520548,0.12018812335888716,AAPL261218P00345000,305.92999267578125,0.0034648449821112104,0.037969931251628626
AAPL,2026-12-18,put,350.0,44.6,47.25,45.925,47.0,5.0,244,0.2177507424926758,126,0.3452054794520548,0.1345768608109868,AAPL261218P00350000,305.92999267578125,0.0034648449821112104,0.037969931251628626
AAPL,2026-12-18,put,360.0,53.45,56.1,54.775000000000006,55.15,1.0,223,0.2166826379394531,126,0.3452054794520548,0.16274773777768298,AAPL261218P00360000,305.92999267578125,0.0034648449821112104,0.037969931251628626
AAPL,2026-12-18,put,370.0,62.45,66.3,64.375,62.5,30.0,36,0.24811542907714845,126,0.3452054794520548,0.19014671196579747,AAPL261218P00370000,305.92999267578125,0.0034648449821112104,0.037969931251628626
